INSERT INTO Artist (ArtistID, Artist_name, Cover_img, Upload_at)
VALUES (1, 'AVICII', 'https://lh3.googleusercontent.com/TH3IXs5FL0GWk4BWPylXomZ_tUFV3sQQz8IaK1Hhw4sTTbFkCQlUXwAErsMvnoqjRxR5L1nXrsinYg=w120-h120-p-l90-rj', now()), 
(2, 'Foo Fighters', 'https://lh3.googleusercontent.com/uqFEa9Bdb8YkF1Ax-6aGisOyKgZIqI6IDinrPTZ72OLIvhT_w4BTJWWIeQTJF89xsUY3-HQCh3FuGE8=w120-h120-p-l90-rj', now()), 
(3, 'Adelle', 'https://lh3.googleusercontent.com/_jmfSvzxYiItQO0cv9Z8q1IKJgdlOsb6KTfXCOf793a0xbjNAXyyDTDUS13NzGOk0etp3BjRa9yiQQ=w120-h120-p-l90-rj', now()), 
(4, 'Ed Sheeran', 'https://lh3.googleusercontent.com/jFwYRjqC6yBJJH280DzFO91KvhIuQ_KqkyH9gn7d8J7CCHoAMlqJgIZ9fA7P7t1-4PgxxpOloM0c3iea=w120-h120-p-l90-rj', now()),
(5, 'Eminem', 'https://lh3.googleusercontent.com/zJeNUtroab27OgGSz55ew1Y7xK-0Ee8gi4Bco3R3H8wRr3kkYK4uJ2fSTDcdWKBNBqUsjUMDKajYVA=w120-h120-p-l90-rj', now()),
(6, 'Dr. Dre', 'https://lh3.googleusercontent.com/7X19_I6_n_vrHdGqRp59wX2fOjpIAGCEle5pFDy86aon-NVFl89pgmFXfZhjm_YIFNkFVNRaxq0U4hc=w120-h120-p-l90-rj', now()),
(7, 'Billie Eilish', 'https://lh3.googleusercontent.com/aijj6GiJSpxAqED1xzdMJd8UOSLV_d7c51ddoqyfODzJTvtyA9PyMVtgNWu3KEtTeNOUuRlE4g=w120-h120-p-l90-rj', now()),
(8, 'Nirvana', 'https://lh3.googleusercontent.com/5cwY4FmyVRUGW09V1mithF6qDMshlobNyTak_6jcrZIPagCr7FosBsTluD-bURScX-FrfwhgquPkdQ=w120-h120-p-l90-rj', now()),
(9, 'Avenged Sevenfold', 'https://lh3.googleusercontent.com/wOw0bfTj21UyaPrcHuHiW4zgc3aRml8lQ7wJ-cuzciEByfKEUV7uSbRKH-BY-YekZQevX-0TfBxoaG8=w120-h120-p-l90-rj', now()),
(10, 'LP', 'https://lh3.googleusercontent.com/MwoHcfj_uf38O-3uEHOFww6nQILZ3YBwsmmDaROYI9wXV_DKBIwBgL_hxLJ0IYdvjTEkXyrGVs1yxm4=w120-h120-p-l90-rj', now()),
(11, 'Radiohead', 'https://lh3.googleusercontent.com/o_9BDAQZy2-R-BzR-MO91rvly39MRjxV_qUbdzYdvyOPu9V2CPix9nRXroTMvy4f99zdLhKePFHQEYA=w120-h120-p-l90-rj', now()),
(12, 'Eagles', 'https://lh3.googleusercontent.com/ear5WleXyH_8IRDTTO0vSPnn2mYztMNxxwU9fIJm4zBalnxuhxFmV8Ssgx-NxzNBokXHccEMtxU9gUm5=w120-h120-p-l90-rj', now()),
(13, 'OneRepublic', 'https://lh3.googleusercontent.com/1zAqFYu7vhgSQugXsFt3NEaxnzd04MVaX2xIgjLDwpvTe9t135OoYpnqX7-mvcpVo86QqAzt3A=w120-h120-p-l90-rj', now()),
(14, 'David Bowie', 'https://lh3.googleusercontent.com/fvmHTHkbSyl8UJWW_qPw0zwKIcMHu55MbiHKKasiYYMZyAcmEELperJb3yeCGLlnNLjZbZfHg9AtF9g=w120-h120-p-l90-rj', now()),
(15, 'Paramore', 'https://lh3.googleusercontent.com/V-WJPtmH4DSeY_eCKq4uLJuxaUIFe9idKq255SPLRayHYeQ2LCCbmWTAxIC5T1RqrL6odAZF8Q=w120-h120-p-l90-rj', now()),
(16, 'Bon Jovi', 'https://lh3.googleusercontent.com/TeMWqsVbQ8nVkgV3oq0SbUwDvlQBNQA6EwHYKcqCo8CvvDadvpAWdETie_fHkZSBOhwXEpYHPjCDxA=w120-h120-p-l90-rj', now()),
(17, 'Red Hot Chili Peppers', 'https://lh3.googleusercontent.com/ynviWLO4w39ZLIPpwFQZUTUL1XuHXVRpkdjOInB0dR80-eWWJIyAanQXmoIFXHLrIU4rnLitiwaNBw=w120-h120-p-l90-rj', now()),
(18, 'Hozier', 'https://lh3.googleusercontent.com/vmfDNcpZ2FjjeLrlNSCODLjLyrC1ri7Gp-GxM65No2BWgeqaNVGXJyQphUeHsb73OMYjdetfxnlZ7Jc2=w120-h120-p-l90-rj', now()),
(19, 'Maroon 5', 'https://lh3.googleusercontent.com/w6lahCp_CVL6Dwd54MGB8Y_I-TXsMmMhDeM4Z_stmWh6B56H4e3x9M1q3juWODInuIBn90SeJl4RrpcN=w120-h120-p-l90-rj', now()),
(20, 'Dire straits', 'https://lh3.googleusercontent.com/CIjGNAbXQTFsG9sT6R_wXcCQayPiuWj6IYA-sjJf3jYYAz2RIH_ZZYTz3_AArcODpN0GmzE3gk8E3mU=w120-h120-p-l90-rj', now());

SELECT * FROM spotify.artist;

INSERT INTO Album (AlbumID, ArtistID, Album_name, Cover_img, Created_at, Upload_at, Num_of_tracks)
VALUES (1, 1,'True','https://lh3.googleusercontent.com/-iRrVRSF_VREhQd2_g8oUUig20j-LnX0BVr9OLqaj5m4HxWP1MMOv7xcaj0KHKOMmEAQJuW0bv3-RaDu=w120-h120-l90-rj', '2013-01-22',now(), 5), 
(2, 1,'Tim','https://lh3.googleusercontent.com/skYcIJwF-RSpYpPhT4DENQ6FbSgrFeQ_r81xdPfwDjjpOBwUeH0tcM6XrnPttU8z9xeeQd1pgQL2iO-N=w120-h120-l90-rj', '2019-01-12',now(), 5),
(3, 2,'One by One','https://lh3.googleusercontent.com/dyiM05s0cA6XuxFTK-c2LDqClxdZK96MLO-x8DePcEAKn03yT59LKyXFV4ZvR3Bki0Ivz2dZCJnGeLmC-A=w120-h120-l90-rj','2002-08-17',now(), 5), 
(4, 2,'In Your Honor','https://lh3.googleusercontent.com/S44ZxLJB34vTMcL12zhAZfEgya1luLvXhnl7SXtjt3c7hkrpigU2GpTyRhH7ypQWqWqiPRyILRwVl1Pi=w120-h120-l90-rj','2005-06-13',now(), 5),
(5, 3,'19','https://lh3.googleusercontent.com/o1gjqqwUV6c4VXm5LPIuwDUJfdGGVXAisfIdq48ou1AONF3qAsMecGWqfRQ_UjTNw3OWgv3_b1bdomAh=w120-h120-l90-rj', '2008-04-17',now(), 5), 
(6, 3,'21','https://lh3.googleusercontent.com/KmkToLEaDNTJ7zK3hscSXDUg-d5a_miwaR7CPlg_9dRqPkJFPWT8qPJ4n33dXNsjR-xFzcgo3ymNndkT=w120-h120-l90-rj', '2011-09-12',now(), 5),
(7, 4,'+', 'https://lh3.googleusercontent.com/5-Z0bmxl8Smil_IosCTw95oPxleiktQjx9DBusLmQDMJ_8EinzpmvvYqSUVimNzsftg3aEUFTM6y0TFM=w544-h544-l90-rj','2017-01-30',now(), 3),
(8, 5,'Recovery', 'https://lh3.googleusercontent.com/IUuZFSUqFLMQlejTtsnLM_cB16A0T1g-savL7DYbWz5NFh2-DOw5-v9_PREJt9keX48NSan-8yUQCPM=w544-h544-l90-rj','2018-07-23', now(), 3),
(9, 6,'2001', 'https://lh3.googleusercontent.com/w42BmVN1uTez5YI99RhuHvk4u_Eoj6LeXg7d-HMP4c5IkZ5XJbD_04suECGSRw0a6TBdU8UgwRNlDt3lQQ=w120-h120-s-l90-rj','2016-06-22', now(), 3),
(10, 7,'When We All Fall Asleep, Where Do We Go?', 'https://lh3.googleusercontent.com/RG92soY11tCRckJuiLvwUF0YACEyBcC4m-GUre3ffB6afsGiRGJw1n-8CWtHkC7Q049HmyfU4aPGNtQ=w544-h544-l90-rj','2019-03-28', now(), 3),
(11, 8,'Nevermind', 'https://lh3.googleusercontent.com/eyKiPBSqEu556sYTd_IyZhfxun5e_hatZ9tAyu8bnmVRgtbM3aW-SXUvhVX-d7s1oU0Yf3a38JOuYMZK5w=w544-h544-l90-rj','2017-03-24', now(), 3),
(12, 9,'Nightmare', 'https://lh3.googleusercontent.com/YpLk6Su_qtyjiCeDXvftPpR1znW5TEO4hRlxuYcT6Sqs7eUn_-95IjvE-RXOturNU3Y3sdE65YULM31q=w544-h544-l90-rj','2010-07-18', now(), 3),
(13, 10,'Lost on You', 'https://lh3.googleusercontent.com/bxe2YoLrjIY8swYYtlwMvjBUGsV2x8pbY87hsRk2DUOmctjYChPHyDGLhZBkECOI78roOrBJJXyfoAI=w544-h544-l90-rj','2015-09-25', now(), 3),
(14, 11,'OK Computer', 'https://lh3.googleusercontent.com/SPHeXqlEhzw-pPbAx3AQU4HSD-XuSMlPtLsptfvHOjOTd6F_1ZbELaOYn1d8-jGZ5HW8O1R0pLqausuVZw=w544-h544-l90-rj','2016-04-07', now(), 3),
(15, 12,'Desperado', 'https://lh3.googleusercontent.com/qn1_UhnMGardz2Ln2KH27Yq9_UbA55gvBZPNeE9OV3PDsRd_ooTg0slsc242rgMQr72ltXswXvwm5NaS_Q=w544-h544-l90-rj','2017-02-19', now(), 3),
(16, 13,'Waking Up', 'https://lh3.googleusercontent.com/ykRmOA7QiY7hUIoC6sRD1qzx3IQdcZ_SD3j4UTxQp2CgkViJuM-lHkVCmGmYFMWmqhGN-OCIdMKQOWAj=w544-h544-l90-rj','2018-07-30', now(), 3),
(17, 14,'Blackstar', 'https://lh3.googleusercontent.com/osVduUi-Vi0PYVTb7HXhTBXkbbZ4GiPnpchUEGzYeiflNEkvFyifs8N5FOx_-EYdIYp1ThBDsb21zbM=w544-h544-l90-rj','2016-01-08', now(), 3),
(18, 15,'Brand New Eyes', 'https://lh3.googleusercontent.com/0todJPblza6th0lfNIUJ7yLxx0rPy4TtA40aIg07tmLDIUqFnkM69UW4yWuXBpt7WLewWjO7_wsfLOg=w544-h544-l90-rj','2010-06-07', now(), 3),
(19, 16,'Cross Road', 'https://lh3.googleusercontent.com/x26bBy8lLRYlS2uy7_cXm-eecboMzTafhvepVM6OL7zByxjgKDUm2xfftdGxc18zRc7-0IVMUjiVNOEF=w544-h544-l90-rj','2009-06-17', now(), 3),
(20, 17,'Californication', 'https://lh3.googleusercontent.com/X1AmAdIuHAwKhvQ84pqdZhERpWqfDeDM9i8XSnrDTISy7xtdflSXEoQiQyDJfZ6NDi3vh399e_MAcdvJ=w512-h512-l90-rj','2009-10-27', now(), 3),
(21, 18,'Wasteland, Baby!', 'https://lh3.googleusercontent.com/K5w1Q1_fdzXRCjXnM3YwQWdoBbtzHez9nZJaDKzyAYevAg3kz_Ac-mpIm4UwLYk1NVxAlLMgoBknBq4z=w544-h544-l90-rj', '2018-09-12', now(), 3),
(22, 19,'Songs About Jane', 'https://lh3.googleusercontent.com/b2Qn9rmBW7jWJ3elYCEdk3zXwrlpdH8wCNyHiuHbwzsVTlt8xA2sQSts-qD9U1mIXFYQGTBWtsCwqdgIDg=w544-h544-l90-rj','2009-06-17', now(), 3),
(23, 20,'Brothers In Arms', 'https://lh3.googleusercontent.com/c-rSp0l4FeZf4iiwSQhFeZ_3hNalG8Bgu-8WZCQDK0KE61OVu99a-_gOu-eifFuXCNI2AZeeLkFuyPWq-A=w544-h544-s-l90-rj','2018-07-24', now(), 3);
SELECT * FROM spotify.album;

INSERT INTO Song (SongID, Youtube_link, AlbumID, ArtistID, Title, Length, Track_number, Created_at, Upload_at)
VALUES (1, 'https://www.youtube.com/watch?v=K9fISloOznc&list=PLLFaXG8eSf2_nJ2QuMEsJOd3HimspKPV6',1,1,'Wake me up',247,0,'2013-01-22',now()),
(2, 'https://www.youtube.com/watch?v=ALFBgVcU0i8&list=PLLFaXG8eSf2_nJ2QuMEsJOd3HimspKPV6&index=2',1,1,'You make me',233,1,'2013-01-22',now()),
(3, 'https://www.youtube.com/watch?v=i5L9gHsqSQk',2,1,'Peace of Mind',180,0,'2019-01-12',now()),
(4, 'https://www.youtube.com/watch?v=fqzhtvLWefA&list=OLAK5uy_mo0wJh-LjbaTD5NsVO--RzKkToBnonkUw&index=2',2,1,'Heaven',304,1,'2019-01-12',now()),
(5, 'https://www.youtube.com/watch?v=xQ04WbgI9rg',3,2,'All My Life',263,0,'2002-08-17',now()),
(6, 'https://www.youtube.com/watch?v=ySlZdASmGCM',3,2,'Low',268,1,'2002-08-17',now()),
(7, 'https://www.youtube.com/watch?v=OtRcYMV1DU8',4,2,'In Your Honor',230,0,'2005-06-13',now()),
(8, 'https://www.youtube.com/watch?v=fTaOlBWcl48',4,2,'No Way Back',197,1,'2005-06-13',now()),
(9, 'https://www.youtube.com/watch?v=3zXASsQcdUY',5,3,'Daydreamer',221,0,'2008-04-17',now()),
(10, 'https://www.youtube.com/watch?v=ZLLN2kXtikc',5,3,'Best for Last',259,1,'2008-04-17',now()),
(11, 'https://www.youtube.com/watch?v=rYEDA3JcQqw',6,3,'Rolling in the Deep',229,0,'2011-09-12',now()),
(12, 'https://www.youtube.com/watch?v=0-uo-kAE5OQ',6,3,'Rumour Has It',223,1,'2011-09-12',now()),
(13, 'https://www.youtube.com/watch?v=YxIiPLVR6NA',1,1,'Hey brother',256,2,'2013-01-22',now()),
(14, 'https://www.youtube.com/watch?v=Qc9c12q3mrc',1,1,'Addicted to you',149,3,'2013-01-22',now()),
(15, 'https://www.youtube.com/watch?v=d1-DCYL7Fng',1,1,'Dear boy',480,4,'2013-01-22',now()),
(16, 'https://www.youtube.com/watch?v=u8tdT5pAE34',2,1,'SOS',233,2,'2019-01-12',now()),
(17, 'https://www.youtube.com/watch?v=McJgc3Nb46I&list=OLAK5uy_mo0wJh-LjbaTD5NsVO--RzKkToBnonkUw',2,1,'Tough love',208,3,'2019-01-12',now()),
(18, 'https://www.youtube.com/watch?v=dzWBgb9cr1s&list=OLAK5uy_mo0wJh-LjbaTD5NsVO--RzKkToBnonkUw&index=5',2,1,'Bad reputation',207,4,'2019-01-12',now()),
(19, 'https://www.youtube.com/watch?v=ZBRVF5FADoI&list=PLnoIzAMX-M6cKSyHkSFcZuPv5B-I4Pbql',3,2,'Have it all',301,2,'2002-08-17',now()),
(20, 'https://www.youtube.com/watch?v=cwLBAuem5K4&list=PLnoIzAMX-M6cKSyHkSFcZuPv5B-I4Pbql&index=4',3,2,'Times Like These',267,3,'2002-08-17',now()),
(21, 'https://www.youtube.com/watch?v=0EnBohSeHg4&list=PLnoIzAMX-M6cKSyHkSFcZuPv5B-I4Pbql&index=6',3,2,'Tired of you',313,4,'2002-08-17',now()),
(22, 'https://www.youtube.com/watch?v=xvN0Y9-ML3s&list=PLnoIzAMX-M6fnsrahUMtjTgDxP2vw1sLe&index=3',4,2,'Best of You',257,2,'2005-06-13',now()),
(23, 'https://www.youtube.com/watch?v=EHs7wmc0Cuo&list=PLnoIzAMX-M6fnsrahUMtjTgDxP2vw1sLe&index=4',4,2,'DOA',253,3,'2005-06-13',now()),
(24, 'https://www.youtube.com/watch?v=T7aOY3F8X6Q&list=PLnoIzAMX-M6fnsrahUMtjTgDxP2vw1sLe&index=5',4,2,'Hell',119,4,'2005-06-13',now()),
(25, 'https://www.youtube.com/watch?v=08DjMT-qR9g&list=PLthtXlBpYq53-4e7ps_LX-2es5EZ3KlFA&index=3',5,3,'Chasing pavements',221,2,'2008-04-17',now()),
(26, 'https://www.youtube.com/watch?v=vgg_TV6gcm4&lPLthtXlBpYq53ist=-4e7ps_LX-2es5EZ3KlFA&index=4',5,3,'Cold shoulder',191,3,'2008-04-17',now()),
(27, 'https://www.youtube.com/watch?v=wDeAr8GoNfA&list=PLthtXlBpYq53-4e7ps_LX-2es5EZ3KlFA&index=5',5,3,'Crazy for You',180,4,'2008-04-17',now()),
(28, 'https://www.youtube.com/watch?v=Y_SyQyORCpg&list=PLqC0BHAcW3Wev1d0r4d_c4mT3kEeL8xb-&index=3',6,3,'Turning Tables',249,2,'2011-09-12',now()),
(29, 'https://www.youtube.com/watch?v=AHNPgC_bojU&list=PLqC0BHAcW3Wev1d0r4d_c4mT3kEeL8xb-&index=4',6,3,'Dont you Remember',241,3,'2011-09-12',now()),
(30, 'https://www.youtube.com/watch?v=Vg5uRzBEkYg&list=PLqC0BHAcW3Wev1d0r4d_c4mT3kEeL8xb-&index=5',6,3,'Set Fire to the Rain',239,4,'2011-09-12',now()),
(31, 'https://www.youtube.com/watch?v=JGwWNGJdvx8&list=RDEM_Ktu-TilkxtLvmc9wX1MLQ&start_radio=1',7,4,'Shape of You',263,0,'2017-01-30',now()),
(32, 'https://www.youtube.com/watch?v=2Vv-BfVoq4g&list=RDEM_Ktu-TilkxtLvmc9wX1MLQ&index=2',7,4,'Perfect',280,1,'2017-01-30',now()),
(33, 'https://www.youtube.com/watch?v=3QQt55D4J_Y&list=RDEM_Ktu-TilkxtLvmc9wX1MLQ&index=3',7,4,'River',222,2,'2017-01-30',now()),
(34, 'https://www.youtube.com/watch?v=c4Yz9o5UtN8&list=PLsUcCK7MU79_VCt6cvU-tgw39GDECxv1w&index=1',8,5,'Cold Wind Blows',303,0,'2018-07-23',now()),
(35, 'https://www.youtube.com/watch?v=hmqSuMX5fyM&list=PLsUcCK7MU79_VCt6cvU-tgw39GDECxv1w&index=3',8,5,'On Fire',213,1,'2018-07-23',now()),
(36, 'https://www.youtube.com/watch?v=j5-yKhDd64s&list=PLsUcCK7MU79_VCt6cvU-tgw39GDECxv1w&index=7',8,5,'Not Afraid',258,2,'2018-07-23',now()),
(37, 'https://www.youtube.com/watch?v=wZQA5sxmiTk&list=PLJaQqb1_vqORHnxVFEw5k789dailF2TE_&index=2',9,6,'The Watcher',207,0,'2016-06-22',now()),
(38, 'https://www.youtube.com/watch?v=QMRHUSmdtxg&list=PLJaQqb1_vqORHnxVFEw5k789dailF2TE_&index=3',9,6,'Fuck You',205,1,'2016-06-22',now()),
(39, 'https://www.youtube.com/watch?v=KDK5j-pd8tQ&list=PLJaQqb1_vqORHnxVFEw5k789dailF2TE_&index=4',9,6,'Still D.R.E.',271,2,'2016-06-22',now()),
(40, 'https://www.youtube.com/watch?v=DyDfgMOUjCI&list=OLAK5uy_kQbMBLWm9sUrVNnooayU8ilISrC7KintI&index=2',10,7,'Bad Guy',205,0,'2019-03-28',now()),
(41, 'https://www.youtube.com/watch?v=LZyybvVx-js&list=OLAK5uy_kQbMBLWm9sUrVNnooayU8ilISrC7KintI&index=3',10,7,'Xanny',265,1,'2019-03-28',now()),
(42, 'https://www.youtube.com/watch?v=yaJx0Gj_LCY&list=OLAK5uy_kQbMBLWm9sUrVNnooayU8ilISrC7KintI&index=6',10,7,'Wish you were gay',221,2,'2019-03-28',now()),
(43, 'https://www.youtube.com/watch?v=rchtd36YbtE&list=PLVdiIO4kSPMIBuz2QnRVJky7NISlGG6XR',11,8,'Smells Like Teen Spirt',301,0,'2017-03-24',now()),
(44, 'https://www.youtube.com/watch?v=eaK8NbqZNGM&list=PLVdiIO4kSPMIBuz2QnRVJky7NISlGG6XR&index=2',11,8,'In Bloom',253,1,'2017-03-24',now()),
(45, 'https://www.youtube.com/watch?v=QBxz-GGwCBY&list=PLVdiIO4kSPMIBuz2QnRVJky7NISlGG6XR&index=3',11,8,'Come As You Are',219,2,'2017-03-24',now()),
(46, 'https://www.youtube.com/watch?v=94bGzWyHbu0&list=OLAK5uy_lNZw-GhIIJnDGMCPZ1DGRQAl4IWaT8t5Y',12,9,'Nightmare',375,0,'2010-07-18',now()),
(47, 'https://www.youtube.com/watch?v=fAkXtZakvsY&list=OLAK5uy_lNZw-GhIIJnDGMCPZ1DGRQAl4IWaT8t5Y&index=2',12,9,'Welcome to the Family',245,1,'2010-07-18',now()),
(48, 'https://www.youtube.com/watch?v=w77ycjbCDbA&list=OLAK5uy_lNZw-GhIIJnDGMCPZ1DGRQAl4IWaT8t5Y&index=3',12,9,'Danger Line',328,2,'2010-07-18',now()),
(49, 'https://www.youtube.com/watch?v=Ss8t7a8n0U4&list=OLAK5uy_kraP_57L91eFk3yw5Y79Wf56oT14nEbmk',13,10,'Muddy Waters',226,0,'2015-09-25',now()),
(50, 'https://www.youtube.com/watch?v=-v9Pobv7y8Y&list=OLAK5uy_kraP_57L91eFk3yw5Y79Wf56oT14nEbmk&index=2',13,10,'No Witness',235,1,'2015-09-25',now()),
(51, 'https://www.youtube.com/watch?v=hn3wJ1_1Zsg&list=OLAK5uy_kraP_57L91eFk3yw5Y79Wf56oT14nEbmk&index=3',13,10,'Lost on You',270,2,'2015-09-25',now()),
(52, 'https://www.youtube.com/watch?v=jNY_wLukVW0&list=OLAK5uy_nEGbRK3IZ018QZqnVmZtq-0k-vtJdysnA',14,11,'Airbag',287,0,'2016-04-07',now()),
(53, 'https://www.youtube.com/watch?v=fHiGbolFFGw&list=OLAK5uy_nEGbRK3IZ018QZqnVmZtq-0k-vtJdysnA&index=2',14,11,'Paranoid Android',392,1,'2016-04-07',now()),
(54, 'https://www.youtube.com/watch?v=_fTWmUlTEqE&list=OLAK5uy_nEGbRK3IZ018QZqnVmZtq-0k-vtJdysnA&index=3',14,11,'Subterranean Homesick Alien',267,2,'2016-04-07',now()),
(55, 'https://www.youtube.com/watch?v=CQhzrpZztl4&list=OLAK5uy_mpfl_Yq5rQAtP6Ro3qIc6bcJRZbx2eHH4',15,12,'Doolin-Dalton',207,0,'2017-02-19',now()),
(56, 'https://www.youtube.com/watch?v=LEodN4vYrO8&list=OLAK5uy_mpfl_Yq5rQAtP6Ro3qIc6bcJRZbx2eHH4&index=2',15,12,'Twenty-One',130,1,'2017-02-19',now()),
(57, 'https://www.youtube.com/watch?v=n_8_EzkMoyk&list=OLAK5uy_mpfl_Yq5rQAtP6Ro3qIc6bcJRZbx2eHH4&index=3',15,12,'Out of Control',184,2,'2017-02-19',now()),
(58, 'https://www.youtube.com/watch?v=OLwCyRMqXpk&list=OLAK5uy_nc2e1fxrc50cWKEsN42Dc_Ee3c8rSrFhE',16,13,'Made For You',257,0,'2018-07-30',now()),
(59, 'https://www.youtube.com/watch?v=qrOeGCJdZe4&list=OLAK5uy_nc2e1fxrc50cWKEsN42Dc_Ee3c8rSrFhE&index=2s',16,13,'All The Right Moves',265,1,'2018-07-30',now()),
(60, 'https://www.youtube.com/watch?v=qHm9MG9xw1o&list=OLAK5uy_nc2e1fxrc50cWKEsN42Dc_Ee3c8rSrFhE&index=3',16,13,'Secrets',232,2,'2018-07-30',now()),
(61, 'https://www.youtube.com/watch?v=-zF2tsBJnpk&list=OLAK5uy_nsr3LPz1Rah2tLuai77wDbh35w2pssk78',17,14,'Tis a Pity She Was a Whore',294,0,'2016-01-08',now()),
(62, 'https://www.youtube.com/watch?v=y-JqH1M4Ya8&list=OLAK5uy_nsr3LPz1Rah2tLuai77wDbh35w2pssk78&index=3',17,14,'Lazarus',248,1,'2016-01-08',now()),
(63, 'https://www.youtube.com/watch?v=MOGPDAFTLQY&list=OLAK5uy_nsr3LPz1Rah2tLuai77wDbh35w2pssk78&index=4',17,14,'Sue',282,2,'2016-01-08',now()),
(64, 'https://www.youtube.com/watch?v=f5howHv3F54&list=OLAK5uy_mveVvF9X_kSFtIBDgbtC46CyXHTvN2iBM',18,15,'Careful',236,0,'2010-06-07',now()),
(65, 'https://www.youtube.com/watch?v=OH9A6tn_P6g&list=OLAK5uy_mveVvF9X_kSFtIBDgbtC46CyXHTvN2iBM&index=2',18,15,'Ignorance',219,1,'2010-06-07',now()),
(66, 'https://www.youtube.com/watch?v=iDy2wCQYSrU&list=OLAK5uy_mveVvF9X_kSFtIBDgbtC46CyXHTvN2iBM&index=3',18,15,'Playling God',199,2,'2010-06-07',now()),
(67, 'https://www.youtube.com/watch?v=lDK9QqIzhwk&list=OLAK5uy_kzC1n2yZLe0Q9tmKkonSxZ-Kdb1CH9-G4',19,16,'Livin On A Prayer',248,0,'2009-06-17',now()),
(68, 'https://www.youtube.com/watch?v=eZQyVUTcpM4&list=OLAK5uy_kzC1n2yZLe0Q9tmKkonSxZ-Kdb1CH9-G4&index=2',19,16,'Keep The Faith',343,1,'2009-06-17',now()),
(69, 'https://www.youtube.com/watch?v=9BMwcO6_hyA&list=OLAK5uy_kzC1n2yZLe0Q9tmKkonSxZ-Kdb1CH9-G4&index=4',19,16,'Always',365,2,'2009-06-17',now()),
(70, 'https://www.youtube.com/watch?v=a9eNQZbjpJk&list=OLAK5uy_kEbANGGtoT4n87DQ3ESZyh3l9LK5uWII0',20,17,'Around The World',241,0,'2009-10-27',now()),
(71, 'https://www.youtube.com/watch?v=N5Vgm6-KO3o&list=OLAK5uy_kEbANGGtoT4n87DQ3ESZyh3l9LK5uWII0&index=2',20,17,'Parallel Universe',269,1,'2009-10-27',now()),
(72, 'https://www.youtube.com/watch?v=mzJj5-lubeM&list=OLAK5uy_kEbANGGtoT4n87DQ3ESZyh3l9LK5uWII0&index=3',20,17,'Scar Tissue',220,2,'2009-10-27',now()),
(73, 'https://www.youtube.com/watch?v=j2YgDua2gpk&list=OLAK5uy_mbcpEgHbfi3deQRnyGfQWnlzgQd86_tMI',21,18,'Nina Cried Power',232,0,'2018-09-12',now()),
(74, 'https://www.youtube.com/watch?v=JJ9IX4zgyLs&list=OLAK5uy_mbcpEgHbfi3deQRnyGfQWnlzgQd86_tMI&index=2',21,18,'Almost',231,1,'2018-09-12',now()),
(75, 'https://www.youtube.com/watch?v=OSye8OO5TkM&list=OLAK5uy_mbcpEgHbfi3deQRnyGfQWnlzgQd86_tMI&index=3',21,18,'Movement',235,2,'2018-09-12',now()),
(76, 'https://www.youtube.com/watch?v=rV8NHsmVMPE&list=OLAK5uy_miihNoza4ukqBJAhVKTs5i7mX8cRtjoZo',22,19,'Harder To Breathe',175,0,'2009-06-17',now()),
(77, 'https://www.youtube.com/watch?v=XPpTgCho5ZA&list=OLAK5uy_miihNoza4ukqBJAhVKTs5i7mX8cRtjoZo&index=2',22,19,'This Love',205,1,'2009-06-17',now()),
(78, 'https://www.youtube.com/watch?v=x0BQUVzcguU&list=OLAK5uy_miihNoza4ukqBJAhVKTs5i7mX8cRtjoZo&index=3',22,19,'Shiver',179,2,'2009-06-17',now()),
(79, 'https://www.youtube.com/watch?v=2c1FqqNF7O8&list=OLAK5uy_l4S1jYRDziTgIeMq6B82gFwXJ4M5HAVFc',23,20,'So Far Away',308,0,'2018-07-24',now()),
(80, 'https://www.youtube.com/watch?v=wTP2RUD_cL0&list=OLAK5uy_l4S1jYRDziTgIeMq6B82gFwXJ4M5HAVFc&index=2',23,20,'Money For Nothing',278,1,'2018-07-24',now()),
(81, 'https://www.youtube.com/watch?v=kd9TlGDZGkI&list=OLAK5uy_l4S1jYRDziTgIeMq6B82gFwXJ4M5HAVFc&index=3',23,20,'Walk of Life',236,2,'2018-07-24',now());
SELECT * FROM spotify.song;

INSERT INTO Playlist (PlaylistID, Playlist_name, Cover_img, Created_at, Upload_at, Num_of_tracks)
VALUES (1, 'Chill','https://i.ytimg.com/vi/8gbImG50oIc/sddefault.jpg?sqp=-oaymwEWCJADEOEBIAQqCghqEJQEGHgg6AJIWg&rs=AMzJL3mCdG3MawLQbrZQhJP2LAeEV_Y50g', now(),now(), 3),
(2, 'EDM','https://lh3.googleusercontent.com/njgQ-vj8DcTSaRYoJ2jJ1ZuATHS_xCxybsbnBAD1E7t7rPofTSkTtHlDcuOc4wuNWow3d3BVqiSvQo0=w120-h120-l90-rj', now(),now(), 4),
(3, 'POP','https://lh3.googleusercontent.com/TltfT9kwAUzR89sKJzfKLuiNpTYnWjHWWuih-CGpLUU-RnifUpSRx7fCQkpDFle9Jdj23kdIaw=w544-h544-l90-rj', now(),now(), 5),
(4, 'Dance','https://lh3.googleusercontent.com/2p2GbronTXveSr612wCFmLCEd-LEWgJmZFgfIrzTDmtFSSqfdGBYZvzMgKs5aChgK99kI5xGbg=w544-h544-l90-rj', now(),now(), 5),
(5, 'Happy','https://lh3.googleusercontent.com/u_gZGod3JRsbHhAzbX9Hu_6wWLkKe8kDYaZ2e9p7DciJFP4JvGwGk90ZoRFbb3d8q9IeyO6_uQ=w544-h544-l90-rj', now(),now(), 5),
(6, 'Rock','https://lh3.googleusercontent.com/5n35J64h-BQBh78YydUIzbjHKgrOjbwK1toqTIGeRCaHQy7JUQ22NQsUwnHAouNXE-Ru19FVjA=w544-h544-l90-rj', now(),now(), 5),
(7, 'R&B','https://lh3.googleusercontent.com/g0Sx7afxkmX2MCAP7a5HG5BZfaAaRJFtnL-XyyeafzyjZogsxLNltuTRO8lxxZC-Wca8gY_WvQ=w544-h544-l90-rj', now(),now(), 5),
(8, 'All time hits','https://lh3.googleusercontent.com/YmK3LGmH4PzcOsBzdz8rnYX4vvMU3glzSAog6H_Q0tsWeATs9Pw0ZuznPpQ7fDDiPq-ZmADQbQ=w544-h544-l90-rj', now(),now(), 5),
(9, 'Shower','https://i.ytimg.com/vi/kOkQ4T5WO9E/sddefault.jpg?sqp=-oaymwEWCJADEOEBIAQqCghqEJQEGHgg6AJIWg&rs=AMzJL3mcS_BFitXcXvr0O_SBsnK3Cw1pyw', now(),now(), 5),
(10, 'Trending','https://i.ytimg.com/vi/XwxLwG2_Sxk/sddefault.jpg?sqp=-oaymwEWCJADEOEBIAQqCghqEJQEGHgg6AJIWg&rs=AMzJL3kd98nSOMtMCHZKYZc0cW1_rbLwlg', now(),now(), 5),
(11, 'Cool','https://i.ytimg.com/vi/cmSbXsFE3l8/sddefault.jpg?sqp=-oaymwEWCJADEOEBIAQqCghqEJQEGHgg6AJIWg&rs=AMzJL3myk2dhbSbHTnM4EjsTA1euD2ChYw', now(),now(), 3),
(12, '90s','https://i.ytimg.com/vi/jJPMnTXl63E/sddefault.jpg?sqp=-oaymwEWCJADEOEBIAQqCghqEJQEGHgg6AJIWg&rs=AMzJL3llb2KbFdZgt4OtFP1m-xXVIKuK1g', now(),now(), 3),
(13, '70s','https://i.ytimg.com/vi/YkADj0TPrJA/sddefault.jpg?sqp=-oaymwEWCJADEOEBIAQqCghqEJQEGHgg6AJIWg&rs=AMzJL3l1VIzwDtUmOeMf9n7POG8Jcr9MVw', now(),now(), 3),
(14, 'Today Hits','https://i.ytimg.com/vi/pvPsJFRGleA/sddefault.jpg?sqp=-oaymwEWCJADEOEBIAQqCghqEJQEGHgg6AJIWg&rs=AMzJL3midNUt-jiLmWhg7YXsQ4NOJeenTw', now(),now(), 3),
(15, 'Good Vibes','https://i.ytimg.com/vi/l0U7SxXHkPY/sddefault.jpg?sqp=-oaymwEWCJADEOEBIAQqCghqEJQEGHgg6AJIWg&rs=AMzJL3nAYhK1iZzvg-kiEroqmRfHx6QrQA', now(),now(), 3),
(16, 'Classic Rock','https://i.ytimg.com/vi/HQmmM_qwG4k/sddefault.jpg?sqp=-oaymwEWCJADEOEBIAQqCghqEJQEGHgg6AJIWg&rs=AMzJL3miGGILDym9oqhD5mnnpJxGpDBFHQ', now(),now(), 3),
(17, '80s Hits','https://i.ytimg.com/vi/djV11Xbc914/sddefault.jpg?sqp=-oaymwEWCJADEOEBIAQqCghqEJQEGHgg6AJIWg&rs=AMzJL3nISAxlL7Rif6Z8pT5kX2w32sXzGQ', now(),now(), 3),
(18, 'Hip Hop & Rap','https://i.ytimg.com/vi/JFm7YDVlqnI/sddefault.jpg?sqp=-oaymwEWCJADEOEBIAQqCghqEJQEGHgg6AJIWg&rs=AMzJL3lWNopJw9pzDoAYGAUULW30SYr3yw', now(),now(), 3),
(19, 'Blues','https://i.ytimg.com/vi/4zAThXFOy2c/sddefault.jpg?sqp=-oaymwEWCJADEOEBIAQqCghqEJQEGHgg6AJIWg&rs=AMzJL3lznHAESyMv6hS2AUNMNO8aKrwywQ', now(),now(), 3),
(20, 'Disney','https://i.ytimg.com/vi/79DijItQXMM/sddefault.jpg?sqp=-oaymwEWCJADEOEBIAQqCghqEJQEGHgg6AJIWg&rs=AMzJL3lIJ_kyOEwDPehfXZTzZQaqp7OFmw', now(),now(), 3);
SELECT * FROM spotify.playlist;

INSERT INTO Playlist_songs (Playlist_songsID, SongID, PlaylistID)
VALUES (1, 4 , 1),
(2, 10 , 1),
(3, 11 , 1),
(4, 1 , 2),
(5, 2 , 2),
(6, 3 , 2),
(7, 4 , 2),
(8, 71 , 3),
(9, 52 , 3),
(10, 48 , 3),
(11, 3 , 3),
(12, 4 , 3),
(13, 34 , 4),
(14, 29 , 4),
(15, 26 , 4),
(16, 15 , 4),
(17, 69 , 4),
(18, 61 , 5),
(19, 36 , 5),
(20, 28 , 5),
(21, 41 , 5),
(22, 4 , 5),
(23, 37 , 6),
(24, 59 , 6),
(25, 43 , 6),
(26, 80 , 6),
(27, 17 , 6),
(28, 75 , 7),
(29, 38 , 7),
(30, 35, 7),
(31, 57 , 7),
(32, 10 , 7),
(33, 13 , 8),
(34, 26 , 8),
(35, 29 , 8),
(36, 36 , 8),
(37, 81 , 8),
(38, 72 , 9),
(39, 4 , 9),
(40, 7 , 9),
(41, 33 , 9),
(42, 41 , 9),
(43, 52 , 10),
(44, 64 , 10),
(45, 32 , 10),
(46, 44 , 10),
(47, 52 , 10),
(48, 38 , 11),
(49, 47 , 11),
(50, 66 , 11),
(51, 21 , 12),
(52, 26 , 12),
(53, 29 , 12),
(54, 67 , 13),
(55, 68 , 13),
(56, 53 , 13),
(57, 7 , 14),
(58, 22 , 14),
(59, 27 , 14),
(60, 55 , 15),
(61, 57 , 15),
(62, 59 , 15),
(63, 60 , 16),
(64, 40 , 16),
(65, 23 , 16),
(66, 22 , 17),
(67, 80 , 17),
(68, 31 , 17),
(69, 11 , 18),
(70, 13 , 18),
(71, 20 , 18),
(72, 71 , 19),
(73, 74 , 19),
(74, 78 , 19),
(75, 59 , 20),
(76, 55 , 20),
(77, 51 , 20);
SELECT * FROM spotify.playlist_songs;

